{"cameraMode":{"drawMode":0,"name":"Shaded","section":"Shading Mode"},"sceneLighting":true,"audioPlay":false,"sceneViewState":{"showFog":true,"showMaterialUpdate":false,"showSkybox":true,"showFlares":true,"showImageEffects":true,"showParticleSystems":true},"in2DMode":false,"pivot":{"x":501.0086669921875,"y":9.014900207519532,"z":485.2656555175781},"rotation":{"x":0.030459467321634294,"y":0.967876672744751,"z":-0.20326389372348786,"w":0.1450895518064499},"size":19.442562103271486,"orthographic":false}