{"cameraMode":{"drawMode":0,"name":"Shaded","section":"Shading Mode"},"sceneLighting":true,"audioPlay":false,"sceneViewState":{"showFog":true,"showMaterialUpdate":false,"showSkybox":true,"showFlares":true,"showImageEffects":true,"showParticleSystems":true},"in2DMode":false,"pivot":{"x":487.3570251464844,"y":2.6656665802001955,"z":471.1460266113281},"rotation":{"x":-0.08797672390937805,"y":0.9091305136680603,"z":-0.32522401213645937,"w":-0.24642954766750337},"size":45.25309371948242,"orthographic":false}