{"cameraMode":{"drawMode":0,"name":"Shaded","section":"Shading Mode"},"sceneLighting":true,"audioPlay":false,"sceneViewState":{"showFog":true,"showMaterialUpdate":false,"showSkybox":true,"showFlares":true,"showImageEffects":true,"showParticleSystems":true},"in2DMode":false,"pivot":{"x":500.6317443847656,"y":5.208840370178223,"z":492.7444763183594},"rotation":{"x":-0.008734336122870446,"y":-0.9883733987808228,"z":0.06235042214393616,"w":-0.13848106563091279},"size":12.157127380371094,"orthographic":false}