{"cameraMode":{"drawMode":0,"name":"Shaded","section":"Shading Mode"},"sceneLighting":true,"audioPlay":false,"sceneViewState":{"showFog":true,"showMaterialUpdate":false,"showSkybox":true,"showFlares":true,"showImageEffects":true,"showParticleSystems":true},"in2DMode":false,"pivot":{"x":536.7785034179688,"y":27.432458877563478,"z":424.738037109375},"rotation":{"x":0.23043279349803925,"y":0.024559324607253076,"z":-0.005914499517530203,"w":0.9731900691986084},"size":11.3627347946167,"orthographic":false}