{"cameraMode":{"drawMode":0,"name":"Shaded","section":"Shading Mode"},"sceneLighting":true,"audioPlay":false,"sceneViewState":{"showFog":true,"showMaterialUpdate":false,"showSkybox":true,"showFlares":true,"showImageEffects":true,"showParticleSystems":true},"in2DMode":false,"pivot":{"x":605.2900390625,"y":198.49273681640626,"z":538.9451904296875},"rotation":{"x":-0.011978072114288807,"y":-0.05996008217334747,"z":-0.0007196798105724156,"w":0.9981341361999512},"size":837.210693359375,"orthographic":true}